Picture Name,Label,N=3,N=5,N=11,N=21,,
00001,Orthodox Metropolitan Cathedral,0,0,0,0.0769231,,
00002,Orthodox Metropolitan Cathedral,0,0.2,0.2,0.2,,
00003,Orthodox Metropolitan Cathedral,0,0,0,0,,
00004,Orthodox Metropolitan Cathedral,0,0,0,0,,
00005,Orthodox Metropolitan Cathedral,0,0,0.0909091,0.0909091,,
00006,Orthodox Metropolitan Cathedral,0,0,0,0,,
00007,Orthodox Metropolitan Cathedral,0,0,0,0,,
00008,Orthodox Metropolitan Cathedral,0,0,0,0,,
00009,Orthodox Metropolitan Cathedral,0,0,0,0.0625,,
00010,Orthodox Metropolitan Cathedral,0,0,0,0,,
00011,Orthodox Metropolitan Cathedral,0,0,0,0,,
00101,St. George's Cathedral,0,0,0.162338,0.162338,,
00102,St. George's Cathedral,0.5,0.45,0.466667,0.426923,,
00103,St. George's Cathedral,0,0,0,0,,
00104,St. George's Cathedral,1,0.75,0.642857,0.642857,,
00105,St. George's Cathedral,1,0.916667,0.916667,0.916667,,
00106,St. George's Cathedral,1,1,1,0.72549,,
00107,St. George's Cathedral,1,1,0.766667,0.766667,,
00109,St. George's Cathedral,0,0,0,0,,
00110,St. George's Cathedral,0,0.25,0.289683,0.289683,,
00111,St. George's Cathedral,0,0,0.1,0.147807,,
00112,St. George's Cathedral,0,0,0,0,,
00201,Millennium Church,0,0,0,0,,
00202,Millennium Church,0,0,0,0,,
00203,Millennium Church,0,0,0,0.0714286,,
00204,Millennium Church,0,0,0,0,,
00205,Millennium Church,0,0.2,0.2,0.2,,
00206,Millennium Church,0,0,0,0,,
00207,Millennium Church,0,0,0,0,,
00301,Water Tower in Iosefin,0,0,0,0,,
00302,Water Tower in Iosefin,0,0,0,0,,
00401,Water Palace,1,1,1,1,,
00402,Water Palace,0,0,0,0,,
00403,Water Palace,0,0,0,0,,
00404,Water Palace,0,0,0,0,,
00405,Water Palace,0,0,0,0,,
00406,Water Palace,0,0,0,0,,
00407,Water Palace,0,0,0,0,,
00408,Water Palace,0,0,0,0,,
00501,Bruck House,0,0,0,0,,
00502,Bruck House,1,1,0.642857,0.642857,,
00503,Bruck House,0,0,0.111111,0.111111,,
00504,Bruck House,0,0,0,0,,
00505,Bruck House,0.5,0.5,0.5,0.5,,
00506,Bruck House,0,0,0,0,,
00507,Bruck House,0,0,0.0909091,0.0909091,,
00508,Bruck House,0,0,0,0.0666667,,
00509,Bruck House,0,0,0,0,,
00510,Bruck House,1,1,1,0.555556,,
00511,Bruck House,0,0,0.166667,0.166667,,
00512,Bruck House,0,0,0.142857,0.142857,,
00513,Bruck House,0,0,0,0,,
00514,Bruck House,0,0,0,0,,
00601,Swabian Bank,0,0,0,0,,
00602,Swabian Bank,0,0,0,0,,
00603,Swabian Bank,0,0,0,0,,
00604,Swabian Bank,0,0,0,0,,
00605,Swabian Bank,0,0,0,0.05,,
00606,Swabian Bank,0,0,0,0,,
00607,Swabian Bank,0,0,0,0,,
00608,Swabian Bank,0,0,0,0,,
00609,Swabian Bank,0,0,0,0.0769231,,
00610,Swabian Bank,0,0,0,0,,
00611,Swabian Bank,0,0.25,0.25,0.25,,
00612,Swabian Bank,0,0,0,0,,
00701,Serbian Orthodox Episcopal Palace,0.5,0.5,0.5,0.5,,
00702,Serbian Orthodox Episcopal Palace,0.333333,0.333333,0.333333,0.333333,,
00703,Serbian Orthodox Episcopal Palace,0,0,0,0.047619,,
00704,Serbian Orthodox Episcopal Palace,0,0,0,0.05,,
00705,Serbian Orthodox Episcopal Palace,0.5,0.5,0.5,0.267157,,
00706,Serbian Orthodox Episcopal Palace,0,0,0,0,,
00707,Serbian Orthodox Episcopal Palace,0,0,0,0,,
00708,Serbian Orthodox Episcopal Palace,0.583333,0.583333,0.583333,0.583333,,
00709,Serbian Orthodox Episcopal Palace,0,0.2,0.2,0.2,,
00710,Serbian Orthodox Episcopal Palace,0,0,0,0,,
00711,Serbian Orthodox Episcopal Palace,0,0,0,0.0625,,
00712,Serbian Orthodox Episcopal Palace,0.5,0.5,0.5,0.5,,
00713,Serbian Orthodox Episcopal Palace,1,0.7,0.633333,0.633333,,
00714,Serbian Orthodox Episcopal Palace,0.833333,0.833333,0.833333,0.833333,,
00801,Iosefin Synagogue,1,1,1,1,,
00802,Iosefin Synagogue,1,1,1,1,,
00803,Iosefin Synagogue,0,0,0,0,,
00804,Iosefin Synagogue,0.333333,0.333333,0.333333,0.333333,,
00805,Iosefin Synagogue,0,0,0,0,,
00901,Reformed Church,0,0,0,0,,
00902,Reformed Church,0.833333,0.833333,0.833333,0.833333,,
00903,Reformed Church,1,1,1,0.558824,,
00904,Reformed Church,0.5,0.5,0.5,0.3,,
00905,Reformed Church,0,0,0,0,,
00906,Reformed Church,0,0,0,0,,
00907,Reformed Church,0,0,0,0,,
01001,Nativity Blessed Virgin Mary Church,0,0.25,0.25,0.25,,
01002,Nativity Blessed Virgin Mary Church,0,0,0,0,,
01003,Nativity Blessed Virgin Mary Church,0,0,0,0,,
01004,Nativity Blessed Virgin Mary Church,0,0,0,0.0526316,,
01005,Nativity Blessed Virgin Mary Church,0,0,0,0,,
01006,Nativity Blessed Virgin Mary Church,0,0,0,0,,
01007,Nativity Blessed Virgin Mary Church,0,0,0,0,,
01101,Building 22 Str. Stefan cel Mare,0,0,0,0,,
01102,Building 22 Str. Stefan cel Mare,0,0,0,0,,
01103,Building 22 Str. Stefan cel Mare,0,0,0,0,,
01104,Building 22 Str. Stefan cel Mare,0,0,0,0,,
01105,Building 22 Str. Stefan cel Mare,0,0,0,0,,
01106,Building 22 Str. Stefan cel Mare,0,0,0,0,,
01107,Building 22 Str. Stefan cel Mare,0,0,0,0,,
01201,Central Library of the University Politehnica Timisoara,1,1,0.642857,0.5,,
01202,Central Library of the University Politehnica Timisoara,1,1,1,1,,
01203,Central Library of the University Politehnica Timisoara,0,0,0.155556,0.159259,,
01204,Central Library of the University Politehnica Timisoara,0.5,0.5,0.5,0.3125,,
01205,Central Library of the University Politehnica Timisoara,0.5,0.5,0.5,0.321429,,
01206,Central Library of the University Politehnica Timisoara,0,0,0,0.0666667,,
01207,Central Library of the University Politehnica Timisoara,0,0,0,0.0769231,,
01208,Central Library of the University Politehnica Timisoara,0.333333,0.333333,0.333333,0.238095,,
01209,Central Library of the University Politehnica Timisoara,0.333333,0.333333,0.333333,0.333333,,
01210,Central Library of the University Politehnica Timisoara,0.333333,0.333333,0.333333,0.333333,,
01301,INCUBOXX,0,0,0,0,,
01302,INCUBOXX,0,0,0,0,,
01303,INCUBOXX,0,0,0,0,,
01401,Agrarian Bank Palace,0,0,0,0,,
01402,Agrarian Bank Palace,0,0,0,0.10049,,
01403,Agrarian Bank Palace,0,0,0,0,,
01404,Agrarian Bank Palace,0,0,0,0,,
01405,Agrarian Bank Palace,0,0,0,0.0625,,
01406,Agrarian Bank Palace,0,0,0,0,,
01407,Agrarian Bank Palace,0.333333,0.333333,0.333333,0.333333,,
01408,Agrarian Bank Palace,0,0,0,0,,
01409,Agrarian Bank Palace,0,0,0,0,,
01410,Agrarian Bank Palace,0,0,0,0,,
01411,Agrarian Bank Palace,0,0,0,0.0666667,,
01412,Agrarian Bank Palace,0,0,0,0,,
01413,Agrarian Bank Palace,0,0,0,0,,
01501,Huniade Castle,0,0,0,0,,
01502,Huniade Castle,0,0,0.111111,0.111111,,
01504,Huniade Castle,0,0,0,0,,
01506,Huniade Castle,0,0,0,0,,
01507,Huniade Castle,0,0,0,0,,
01601,Nativity Church,0,0,0,0,,
01602,Nativity Church,0,0,0,0,,
01603,Nativity Church,0,0,0,0,,
01604,Nativity Church,0,0,0,0,,
01605,Nativity Church,0,0,0,0,,
01606,Nativity Church,0,0,0,0,,
01607,Nativity Church,0,0,0,0,,
01701,Palace of the Serbian Fabric Community,1,0.75,0.75,0.75,,
01702,Palace of the Serbian Fabric Community,1,1,0.611111,0.611111,,
01703,Palace of the Serbian Fabric Community,0.833333,0.833333,0.833333,0.605556,,
01704,Palace of the Serbian Fabric Community,1,0.7,0.7,0.7,,
01705,Palace of the Serbian Fabric Community,0,0,0,0.0769231,,
01706,Palace of the Serbian Fabric Community,0,0,0,0,,
01707,Palace of the Serbian Fabric Community,0,0,0,0.0555556,,
01708,Palace of the Serbian Fabric Community,0.5,0.5,0.5,0.5,,
01709,Palace of the Serbian Fabric Community,0,0,0,0,,
01710,Palace of the Serbian Fabric Community,0,0,0.125,0.125,,
01711,Palace of the Serbian Fabric Community,0,0,0.125,0.125,,
01712,Palace of the Serbian Fabric Community,0.333333,0.333333,0.309524,0.309524,,
01713,Palace of the Serbian Fabric Community,0,0,0,0,,
01801,Serbian Church of Fabric Community,0.333333,0.333333,0.333333,0.333333,,
01802,Serbian Church of Fabric Community,0,0,0,0.0714286,,
01803,Serbian Church of Fabric Community,0,0,0,0,,
01804,Serbian Church of Fabric Community,0,0,0,0,,
01805,Serbian Church of Fabric Community,0,0,0,0,,
01806,Serbian Church of Fabric Community,0,0,0,0,,
01807,Serbian Church of Fabric Community,0,0,0,0,,
01808,Serbian Church of Fabric Community,0,0,0,0,,
01809,Serbian Church of Fabric Community,0,0,0.125,0.115132,,
01810,Serbian Church of Fabric Community,0,0,0,0,,
01811,Serbian Church of Fabric Community,0.333333,0.333333,0.333333,0.333333,,
01901,Hause of the Canonic,0,0,0,0,,
01902,Hause of the Canonic,0,0,0,0,,
01903,Hause of the Canonic,0,0,0,0,,
01904,Hause of the Canonic,0,0,0,0,,
01905,Hause of the Canonic,1,1,1,1,,
01906,Hause of the Canonic,0,0,0,0,,
01907,Hause of the Canonic,0,0,0,0,,
01908,Hause of the Canonic,0,0,0,0,,
01909,Hause of the Canonic,0,0,0,0,,
01910,Hause of the Canonic,0,0,0.142857,0.142857,,
01911,Hause of the Canonic,0,0,0,0,,
02001,Prenner Hause,0,0,0,0,,
02002,Prenner Hause,0,0,0,0,,
02003,Prenner Hause,0,0,0,0,,
02004,Prenner Hause,0,0,0,0,,
02005,Prenner Hause,0,0,0,0,,
02006,Prenner Hause,0,0,0,0,,
02007,Prenner Hause,0,0,0,0,,
02008,Prenner Hause,0,0,0,0,,
02009,Prenner Hause,0,0,0,0,,
02010,Prenner Hause,0,0,0,0,,
02011,Prenner Hause,0.333333,0.333333,0.333333,0.333333,,
02012,Prenner Hause,0,0,0,0,,
02101,Agoston Galgon Hause,0,0.2,0.2,0.2,,
02102,Agoston Galgon Hause,0,0,0,0,,
02103,Agoston Galgon Hause,0,0,0,0,,
02104,Agoston Galgon Hause,0,0,0,0,,
02105,Agoston Galgon Hause,0,0,0,0,,
02106,Agoston Galgon Hause,0,0,0,0,,
02107,Agoston Galgon Hause,0,0,0,0,,
02108,Agoston Galgon Hause,0,0,0,0.0588235,,
02109,Agoston Galgon Hause,0,0,0,0,,
02110,Agoston Galgon Hause,0,0,0,0.0555556,,
02111,Agoston Galgon Hause,0,0,0,0,,
02201,La Trompetist Hause,0,0,0,0,,
02202,La Trompetist Hause,0,0,0,0,,
02203,La Trompetist Hause,0,0,0,0,,
02204,La Trompetist Hause,0,0,0.111111,0.111111,,
02205,La Trompetist Hause,0,0,0,0.05,,
02206,La Trompetist Hause,0,0,0.111111,0.122222,,
02207,La Trompetist Hause,0,0.25,0.25,0.25,,
02208,La Trompetist Hause,0,0,0,0,,
02209,La Trompetist Hause,0,0,0,0.0526316,,
02210,La Trompetist Hause,0,0,0,0,,
02211,La Trompetist Hause,0,0,0,0,,
02301,Schweinitzer Palace,0,0,0.166667,0.166667,,
02302,Schweinitzer Palace,0,0,0,0,,
02303,Schweinitzer Palace,0,0,0,0.0666667,,
02304,Schweinitzer Palace,0,0,0,0.0588235,,
02305,Schweinitzer Palace,0,0,0,0,,
02306,Schweinitzer Palace,0,0,0,0,,
02307,Schweinitzer Palace,0,0,0,0.0555556,,
02308,Schweinitzer Palace,1,1,1,1,,
02309,Schweinitzer Palace,1,1,1,1,,
02310,Schweinitzer Palace,0.833333,0.833333,0.833333,0.833333,,
02401,Nokia Networks Romania Campus,0,0,0,0,,
02402,Nokia Networks Romania Campus,0,0,0,0,,
02403,Nokia Networks Romania Campus,0,0,0,0,,
02404,Nokia Networks Romania Campus,0,0,0,0,,
02405,Nokia Networks Romania Campus,0,0,0,0,,
02406,Nokia Networks Romania Campus,0,0,0,0.0833333,,
02501,Building 8 Str. Eugeniu de Savoya,0.5,0.5,0.5,0.5,,
02502,Building 8 Str. Eugeniu de Savoya,1,1,1,1,,
02503,Building 8 Str. Eugeniu de Savoya,0,0,0,0.0666667,,
02504,Building 8 Str. Eugeniu de Savoya,0,0,0,0.0900735,,
02505,Building 8 Str. Eugeniu de Savoya,0,0,0,0,,
02506,Building 8 Str. Eugeniu de Savoya,0,0,0.166667,0.166667,,
02507,Building 8 Str. Eugeniu de Savoya,0,0,0,0,,
02508,Building 8 Str. Eugeniu de Savoya,0,0.25,0.25,0.25,,
02509,Building 8 Str. Eugeniu de Savoya,0,0,0,0,,
02510,Building 8 Str. Eugeniu de Savoya,0,0,0,0,,
02511,Building 8 Str. Eugeniu de Savoya,1,1,1,1,,
02601,Credit Bank Palace,1,1,1,1,,
02602,Credit Bank Palace,0.833333,0.833333,0.655556,0.655556,,
02603,Credit Bank Palace,1,0.866667,0.866667,0.866667,,
02604,Credit Bank Palace,0.5,0.5,0.5,0.5,,
02605,Credit Bank Palace,0,0,0,0,,
02606,Credit Bank Palace,0.583333,0.583333,0.488889,0.488889,,
02607,Credit Bank Palace,0,0,0,0,,
02608,Credit Bank Palace,0,0,0.241703,0.241703,,
02609,Credit Bank Palace,0,0,0.142857,0.142857,,
02610,Credit Bank Palace,0,0,0.0909091,0.119589,,
02611,Credit Bank Palace,0,0,0,0,,
02612,Credit Bank Palace,0.333333,0.366667,0.366667,0.366667,,
02613,Credit Bank Palace,1,1,1,1,,
02614,Credit Bank Palace,0.5,0.5,0.375,0.375,,
02615,Credit Bank Palace,0,0,0.0909091,0.0909091,,
02616,Credit Bank Palace,0,0,0,0.0714286,,
02701,Old Timisoara Townhall,0,0,0,0,,
02702,Old Timisoara Townhall,0,0,0,0,,
02703,Old Timisoara Townhall,0,0,0,0.0555556,,
02704,Old Timisoara Townhall,0.5,0.5,0.5,0.5,,
02705,Old Timisoara Townhall,0,0,0,0,,
02706,Old Timisoara Townhall,1,1,0.611111,0.611111,,
02707,Old Timisoara Townhall,0,0,0,0,,
02708,Old Timisoara Townhall,0,0,0,0,,
02709,Old Timisoara Townhall,0,0,0,0,,
02710,Old Timisoara Townhall,0,0,0,0,,
02711,Old Timisoara Townhall,0,0,0,0,,
02801,Makri Hause,0,0,0,0,,
02802,Makri Hause,0,0,0,0,,
02803,Makri Hause,0,0,0,0,,
02804,Makri Hause,0,0,0.0909091,0.0909091,,
02805,Makri Hause,0,0,0,0,,
02806,Makri Hause,0,0,0,0,,
02807,Makri Hause,0,0,0,0,,
02808,Makri Hause,0,0,0,0,,
02901,Timisoara Hotel,1,1,1,1,,
02902,Timisoara Hotel,0.333333,0.333333,0.333333,0.333333,,
02903,Timisoara Hotel,0.5,0.5,0.5,0.5,,
02904,Timisoara Hotel,0,0,0,0,,
02905,Timisoara Hotel,0,0,0,0,,
02906,Timisoara Hotel,0,0,0,0,,
02907,Timisoara Hotel,0,0,0,0,,
02908,Timisoara Hotel,0,0,0,0,,
02909,Timisoara Hotel,0,0,0,0,,
02910,Timisoara Hotel,0,0,0,0,,
02911,Timisoara Hotel,0,0,0,0,,
02912,Timisoara Hotel,0,0,0,0,,
02913,Timisoara Hotel,0,0,0,0,,
02914,Timisoara Hotel,0,0,0,0,,
02915,Timisoara Hotel,0,0,0,0,,
02916,Timisoara Hotel,0,0,0,0,,
03001,Weiss Palace,1,1,0.6,0.6,,
03002,Weiss Palace,1,1,1,0.5625,,
03003,Weiss Palace,0.5,0.5,0.5,0.5,,
03004,Weiss Palace,0,0,0,0,,
03005,Weiss Palace,0,0,0,0,,
03006,Weiss Palace,0,0,0,0,,
03007,Weiss Palace,0,0,0.125,0.129167,,
03008,Weiss Palace,0,0,0.142857,0.142857,,
03009,Weiss Palace,0,0.25,0.25,0.25,,
03010,Weiss Palace,0,0,0,0,,
03101,Hilt-Vogel Palace,0.333333,0.333333,0.333333,0.333333,,
03102,Hilt-Vogel Palace,0,0.2,0.2,0.2,,
03103,Hilt-Vogel Palace,0,0,0,0,,
03104,Hilt-Vogel Palace,0,0.2,0.2,0.2,,
03105,Hilt-Vogel Palace,0,0,0,0,,
03106,Hilt-Vogel Palace,1,1,0.611111,0.611111,,
03107,Hilt-Vogel Palace,0,0,0,0,,
03108,Hilt-Vogel Palace,0,0,0.111111,0.111111,,
03109,Hilt-Vogel Palace,0,0.25,0.236111,0.236111,,
03110,Hilt-Vogel Palace,0,0,0,0,,
03111,Hilt-Vogel Palace,0,0,0,0,,
03112,Hilt-Vogel Palace,0,0,0,0,,
03201,William Shakespeare Highschool,0,0,0,0,,
03202,William Shakespeare Highschool,0,0,0,0,,
03203,William Shakespeare Highschool,0,0,0,0,,
03204,William Shakespeare Highschool,0,0,0,0,,
03205,William Shakespeare Highschool,0,0,0,0,,
03206,William Shakespeare Highschool,0,0,0,0,,
03301,Serbian Orthodox Cathedral,0,0,0,0,,
03302,Serbian Orthodox Cathedral,0,0,0,0,,
03303,Serbian Orthodox Cathedral,1,1,1,1,,
03304,Serbian Orthodox Cathedral,0.5,0.5,0.5,0.256335,,
03305,Serbian Orthodox Cathedral,0,0,0.166667,0.166667,,
03306,Serbian Orthodox Cathedral,0,0,0.166667,0.166667,,
03307,Serbian Orthodox Cathedral,0,0,0,0,,
03308,Serbian Orthodox Cathedral,0,0,0,0,,
03309,Serbian Orthodox Cathedral,0,0,0,0,,
03310,Serbian Orthodox Cathedral,0,0.25,0.25,0.25,,
03401,Serbian Community House,0,0,0,0,,
03402,Serbian Community House,0,0,0,0.0714286,,
03403,Serbian Community House,0,0,0,0,,
03404,Serbian Community House,0,0,0,0,,
03405,Serbian Community House,0,0.2,0.2,0.2,,
03406,Serbian Community House,0,0,0,0,,
03407,Serbian Community House,0,0,0,0,,
03408,Serbian Community House,0,0,0,0,,
03409,Serbian Community House,0,0,0,0,,
03410,Serbian Community House,0,0,0,0,,
03411,Serbian Community House,0,0,0,0,,
03412,Serbian Community House,0,0,0,0,,
03413,Serbian Community House,0,0,0,0,,
03501,Nica Koszta House,0,0,0,0,,
03502,Nica Koszta House,0,0,0,0,,
03503,Nica Koszta House,0,0,0,0,,
03504,Nica Koszta House,0,0,0,0,,
03505,Nica Koszta House,0,0,0,0,,
03506,Nica Koszta House,0.5,0.5,0.5,0.5,,
03507,Nica Koszta House,0,0,0,0,,
03508,Nica Koszta House,0,0,0,0,,
03509,Nica Koszta House,0,0,0,0,,
03510,Nica Koszta House,0,0,0,0,,
03601,Szervinatz House,0,0,0,0,,
03602,Szervinatz House,0,0,0,0,,
03603,Szervinatz House,0,0,0,0,,
03604,Szervinatz House,0,0,0,0,,
03605,Szervinatz House,0,0,0,0,,
03606,Szervinatz House,0.333333,0.333333,0.333333,0.333333,,
03607,Szervinatz House,0,0,0,0,,
03608,Szervinatz House,0,0,0,0,,
03609,Szervinatz House,0,0,0,0,,
03610,Szervinatz House,0,0,0,0,,
03701,La Leu Bank Hause,0,0,0,0,,
03702,La Leu Bank Hause,0,0,0,0,,
03703,La Leu Bank Hause,0,0,0,0,,
03704,La Leu Bank Hause,0,0,0,0,,
03705,La Leu Bank Hause,0,0,0,0,,
03706,La Leu Bank Hause,0,0,0,0,,
03707,La Leu Bank Hause,0,0,0,0,,
03708,La Leu Bank Hause,0,0,0,0,,
03709,La Leu Bank Hause,0,0,0,0,,
03710,La Leu Bank Hause,0,0,0,0,,
03801,Building 9- Str. Splaiul Nicolae Titulescu,0,0,0,0,,
03802,Building 9- Str. Splaiul Nicolae Titulescu,0,0,0,0,,
03803,Building 9- Str. Splaiul Nicolae Titulescu,0,0,0,0,,
03804,Building 9- Str. Splaiul Nicolae Titulescu,0,0,0,0,,
03805,Building 9- Str. Splaiul Nicolae Titulescu,0,0,0,0,,
03901,Roman Catholic Church in Elisabetin,0,0,0,0,,
03902,Roman Catholic Church in Elisabetin,0,0,0,0,,
03903,Roman Catholic Church in Elisabetin,0,0,0,0,,
03904,Roman Catholic Church in Elisabetin,0,0,0,0,,
03905,Roman Catholic Church in Elisabetin,0,0,0,0.0526316,,
04001,Timisoara Garrison Command,0,0,0,0,,
04002,Timisoara Garrison Command,0,0,0,0,,
04003,Timisoara Garrison Command,0,0,0,0,,
04004,Timisoara Garrison Command,0,0,0.125,0.125,,
04005,Timisoara Garrison Command,0,0,0.0909091,0.107955,,
04006,Timisoara Garrison Command,0,0,0,0,,
04007,Timisoara Garrison Command,1,1,1,1,,
04008,Timisoara Garrison Command,0,0,0,0,,
04009,Timisoara Garrison Command,0,0,0,0,,
04010,Timisoara Garrison Command,0,0,0,0,,
04011,Timisoara Garrison Command,0,0.25,0.25,0.25,,
04101,La Elefant Hause,0,0,0,0,,
04102,La Elefant Hause,0,0,0,0,,
04103,La Elefant Hause,0.333333,0.333333,0.333333,0.333333,,
04104,La Elefant Hause,1,1,0.611111,0.611111,,
04105,La Elefant Hause,1,1,0.590909,0.590909,,
04106,La Elefant Hause,0,0,0.111111,0.111111,,
04107,La Elefant Hause,1,1,1,1,,
04108,La Elefant Hause,0,0,0,0,,
04109,La Elefant Hause,0,0,0,0,,
04110,La Elefant Hause,0,0,0.166667,0.166667,,
04111,La Elefant Hause,0,0,0.125,0.125,,
04201,Military Casino of Timisoara,0,0,0,0,,
04202,Military Casino of Timisoara,0,0,0,0,,
04203,Military Casino of Timisoara,0,0,0.1,0.1,,
04204,Military Casino of Timisoara,0,0,0,0,,
04205,Military Casino of Timisoara,0,0,0,0,,
04206,Military Casino of Timisoara,1,1,0.611111,0.611111,,
04207,Military Casino of Timisoara,0,0.25,0.225,0.225,,
04208,Military Casino of Timisoara,0.5,0.5,0.5,0.5,,
04209,Military Casino of Timisoara,0,0,0,0.047619,,
04210,Military Casino of Timisoara,0,0,0,0,,
04211,Military Casino of Timisoara,0,0,0,0,,
04301,Diamond Roullete Palace,0,0,0,0,,
04302,Diamond Roullete Palace,0.333333,0.333333,0.333333,0.222222,,
04303,Diamond Roullete Palace,0,0,0,0.047619,,
04304,Diamond Roullete Palace,1,0.7,0.7,0.7,,
04305,Diamond Roullete Palace,1,1,0.569444,0.569444,,
04306,Diamond Roullete Palace,1,1,1,0.571429,,
04307,Diamond Roullete Palace,0,0,0,0,,
04308,Diamond Roullete Palace,0,0,0,0,,
04309,Diamond Roullete Palace,0,0,0,0.047619,,
04310,Diamond Roullete Palace,0,0,0,0,,
04311,Diamond Roullete Palace,1,1,1,1,,
04401,Building 3 Str. V. Alecsandri,0,0,0,0,,
04402,Building 3 Str. V. Alecsandri,0,0,0,0.0526316,,
04403,Building 3 Str. V. Alecsandri,0.333333,0.333333,0.333333,0.333333,,
04404,Building 3 Str. V. Alecsandri,0,0,0,0,,
04405,Building 3 Str. V. Alecsandri,0,0.25,0.25,0.25,,
04501,Catharina Hertl Hause,0,0,0,0.0714286,,
04502,Catharina Hertl Hause,0.333333,0.333333,0.333333,0.333333,,
04503,Catharina Hertl Hause,1,1,1,0.729167,,
04504,Catharina Hertl Hause,1,1,1,0.722222,,
04505,Catharina Hertl Hause,0,0,0,0.05,,
04506,Catharina Hertl Hause,0.5,0.5,0.392857,0.392857,,
04507,Catharina Hertl Hause,0,0,0,0,,
04508,Catharina Hertl Hause,0,0,0,0,,
04509,Catharina Hertl Hause,0,0,0,0,,
04510,Catharina Hertl Hause,1,1,1,1,,
04601,Building 6 Str. Lucian Blaga,1,1,1,1,,
04602,Building 6 Str. Lucian Blaga,1,1,1,0.427632,,
04603,Building 6 Str. Lucian Blaga,1,1,1,0.72549,,
04604,Building 6 Str. Lucian Blaga,0,0.2,0.2,0.188889,,
04605,Building 6 Str. Lucian Blaga,1,1,1,0.74359,,
04606,Building 6 Str. Lucian Blaga,1,1,1,1,,
04701,Building 1 Str. Vasile Alecsandri,0,0,0,0,,
04702,Building 1 Str. Vasile Alecsandri,0,0,0,0,,
04703,Building 1 Str. Vasile Alecsandri,0,0,0,0.0555556,,
04704,Building 1 Str. Vasile Alecsandri,0,0,0,0,,
04705,Building 1 Str. Vasile Alecsandri,1,1,1,0.571429,,
04706,Building 1 Str. Vasile Alecsandri,0,0,0.111111,0.111111,,
04801,Art Museum Timisoara,0,0,0,0,,
04802,Art Museum Timisoara,0,0,0,0,,
04803,Art Museum Timisoara,0,0,0,0,,
04804,Art Museum Timisoara,0,0,0,0,,
04805,Art Museum Timisoara,0,0,0,0,,
04806,Art Museum Timisoara,0,0,0,0,,
04807,Art Museum Timisoara,0,0,0,0,,
04808,Art Museum Timisoara,0,0,0,0,,
04809,Art Museum Timisoara,0,0,0,0,,
04810,Art Museum Timisoara,0,0,0,0,,
04811,Art Museum Timisoara,0,0,0,0,,
04812,Art Museum Timisoara,0,0,0,0.0666667,,
04813,Art Museum Timisoara,0,0,0,0,,
04901,Ormos House,0,0,0,0,,
04902,Ormos House,0,0,0,0,,
04903,Ormos House,0,0,0,0,,
04904,Ormos House,0,0,0.1,0.1,,
04905,Ormos House,0.5,0.5,0.5,0.5,,
04906,Ormos House,0.333333,0.333333,0.333333,0.24359,,
04907,Ormos House,1,1,1,0.555556,,
04908,Ormos House,1,0.75,0.6,0.6,,
05001,Building 4 Str. Gen. E. Grigorescu,0,0,0,0,,
05002,Building 4 Str. Gen. E. Grigorescu,0,0,0,0,,
05101,Fabric Synagogue,0,0,0,0,,
05102,Fabric Synagogue,0,0,0,0,,
05103,Fabric Synagogue,0,0,0,0,,
05104,Fabric Synagogue,0,0,0,0,,
05105,Fabric Synagogue,0,0,0,0,,
05106,Fabric Synagogue,0,0,0,0,,
05107,Fabric Synagogue,0,0,0,0,,
05108,Fabric Synagogue,0,0,0.1,0.1,,
05201,Golden Stag Inn,0,0,0,0,,
05202,Golden Stag Inn,0,0,0,0,,
05203,Golden Stag Inn,1,1,1,0.583333,,
05204,Golden Stag Inn,0,0,0,0,,
05205,Golden Stag Inn,0,0,0,0,,
05206,Golden Stag Inn,0,0,0,0,,
05207,Golden Stag Inn,1,1,1,1,,
05208,Golden Stag Inn,1,1,0.590909,0.590909,,
05209,Golden Stag Inn,1,1,0.6,0.6,,
05210,Golden Stag Inn,0,0,0,0,,
05301,Stefania Palace,0.5,0.5,0.5,0.333333,,
05302,Stefania Palace,0,0,0,0.047619,,
05303,Stefania Palace,0.5,0.5,0.5,0.5,,
05304,Stefania Palace,0,0,0.0909091,0.0909091,,
05305,Stefania Palace,0,0,0,0.0763158,,
05306,Stefania Palace,0,0,0.111111,0.122222,,
05307,Stefania Palace,0,0,0.142857,0.142857,,
05308,Stefania Palace,1,1,1,0.440278,,
05309,Stefania Palace,0,0,0.142857,0.142857,,
05310,Stefania Palace,1,1,0.590909,0.460606,,
05401,Neptun Palace,0,0,0,0,,
05402,Neptun Palace,0,0,0,0,,
05403,Neptun Palace,0,0,0,0.0769231,,
05404,Neptun Palace,0,0.25,0.236111,0.236111,,
05405,Neptun Palace,0,0,0,0.0769231,,
05406,Neptun Palace,0,0,0,0,,
05407,Neptun Palace,0,0,0,0,,
05408,Neptun Palace,0,0,0,0,,
05409,Neptun Palace,0,0,0,0,,
05501,Elisabeta Mill from Iosefin,0,0,0,0,,
05502,Elisabeta Mill from Iosefin,0,0,0.166667,0.166667,,
05503,Elisabeta Mill from Iosefin,0,0,0,0,,
05504,Elisabeta Mill from Iosefin,0,0,0,0,,
05505,Elisabeta Mill from Iosefin,0,0,0,0,,
05506,Elisabeta Mill from Iosefin,0,0,0,0.0769231,,
05507,Elisabeta Mill from Iosefin,0,0,0,0.0555556,,
05601,Fire Brigade 2,0,0,0,0.0833333,,
05602,Fire Brigade 2,0,0,0,0,,
05603,Fire Brigade 2,0,0,0,0,,
05604,Fire Brigade 2,0,0,0,0,,
05605,Fire Brigade 2,0,0,0,0,,
05701,Timis County Council,0,0,0,0,,
05702,Timis County Council,0,0,0,0,,
05703,Timis County Council,0,0,0.166667,0.166667,,
05704,Timis County Council,0,0,0.0909091,0.0909091,,
05705,Timis County Council,0,0,0,0,,
05706,Timis County Council,0,0,0,0,,
05801,Duschnitz House,0,0,0,0.0910931,,
05802,Duschnitz House,0,0,0,0.108333,,
05803,Duschnitz House,0,0,0,0.0555556,,
05804,Duschnitz House,0,0,0,0,,
05805,Duschnitz House,0,0,0,0.0625,,
05806,Duschnitz House,1,1,1,1,,
05807,Duschnitz House,0,0,0,0.0833333,,
05808,Duschnitz House,0,0,0,0,,
05809,Duschnitz House,0,0,0.111111,0.111111,,
05810,Duschnitz House,0,0,0,0,,
05811,Duschnitz House,0.333333,0.333333,0.333333,0.25,,
05901,The Polytechnic University of Timisoara - view 2,0,0,0,0,,
05902,The Polytechnic University of Timisoara - view 2,0,0,0,0.0588235,,
05903,The Polytechnic University of Timisoara - view 2,0,0,0,0,,
05904,The Polytechnic University of Timisoara - view 2,1,1,1,1,,
05905,The Polytechnic University of Timisoara - view 2,0,0,0,0,,
05906,The Polytechnic University of Timisoara - view 2,0,0,0,0,,
05907,The Polytechnic University of Timisoara - view 2,0,0,0,0,,
05908,The Polytechnic University of Timisoara - view 2,0,0,0,0,,
05909,The Polytechnic University of Timisoara - view 2,0,0,0,0,,
05910,The Polytechnic University of Timisoara - view 2,0,0,0,0,,
05911,The Polytechnic University of Timisoara - view 2,0,0,0,0,,
05912,The Polytechnic University of Timisoara - view 2,0,0,0,0,,
05913,The Polytechnic University of Timisoara - view 2,0,0,0.166667,0.166667,,
05914,The Polytechnic University of Timisoara - view 2,0,0,0,0,,
06001,Miksa Steiner Palace,0,0,0,0,,
06002,Miksa Steiner Palace,0,0,0,0,,
06003,Miksa Steiner Palace,0,0,0.142857,0.142857,,
06004,Miksa Steiner Palace,0.333333,0.333333,0.333333,0.333333,,
06005,Miksa Steiner Palace,0,0,0,0.0769231,,
06006,Miksa Steiner Palace,0,0,0,0,,
06007,Miksa Steiner Palace,0,0,0,0,,
06101,The National Opera House,0,0,0,0,,
06102,The National Opera House,0,0,0,0,,
06103,The National Opera House,0,0,0,0,,
06104,The National Opera House,1,1,1,1,,
06105,The National Opera House,0,0,0,0,,
06106,The National Opera House,0,0,0,0,,
06107,The National Opera House,0,0,0,0,,
06108,The National Opera House,1,1,0.666667,0.666667,,
06109,The National Opera House,0,0,0,0,,
06110,The National Opera House,0,0,0.111111,0.126984,,
06111,The National Opera House,0,0,0,0,,
06112,The National Opera House,0,0,0,0,,
06113,The National Opera House,0,0,0,0,,
06114,The National Opera House,0,0,0,0,,
06115,The National Opera House,0,0,0,0,,
06201,Roman Catholic Church Holy Cross,0,0,0,0,,
06202,Roman Catholic Church Holy Cross,0,0,0.174242,0.174242,,
06203,Roman Catholic Church Holy Cross,0,0.2,0.211111,0.211111,,
06204,Roman Catholic Church Holy Cross,0.5,0.5,0.375,0.308824,,
06205,Roman Catholic Church Holy Cross,0,0,0,0,,
06206,Roman Catholic Church Holy Cross,0,0,0,0,,
06207,Roman Catholic Church Holy Cross,0,0,0,0,,
06208,Roman Catholic Church Holy Cross,0,0,0,0,,
06209,Roman Catholic Church Holy Cross,0,0,0,0,,
06301,The Polytechnic University of Timisoara,0,0,0,0,,
06302,The Polytechnic University of Timisoara,0,0,0,0,,
06303,The Polytechnic University of Timisoara,0,0,0,0,,
06304,The Polytechnic University of Timisoara,0,0,0,0,,
06305,The Polytechnic University of Timisoara,0,0,0,0,,
06401,Central Library of the University Politehnica Timisoara - view 2,0,0,0,0,,
06402,Central Library of the University Politehnica Timisoara - view 2,0.333333,0.333333,0.333333,0.238095,,
06403,Central Library of the University Politehnica Timisoara - view 2,0,0,0,0,,
06404,Central Library of the University Politehnica Timisoara - view 2,0,0,0,0.0666667,,
06405,Central Library of the University Politehnica Timisoara - view 2,0.5,0.5,0.5,0.5,,
06406,Central Library of the University Politehnica Timisoara - view 2,0.5,0.5,0.5,0.326923,,
06501,Loffler Palace - view 1,0,0,0,0,,
06502,Loffler Palace - view 1,0,0,0.0909091,0.116883,,
06503,Loffler Palace - view 1,0,0,0.142857,0.142857,,
06504,Loffler Palace - view 1,0,0,0,0,,
06505,Loffler Palace - view 1,0,0,0,0,,
06506,Loffler Palace - view 1,0,0,0,0.0666667,,
06507,Loffler Palace - view 1,0,0,0.111111,0.111111,,
06508,Loffler Palace - view 1,0.5,0.5,0.5,0.305556,,
06509,Loffler Palace - view 1,0,0,0.0909091,0.116883,,
06510,Loffler Palace - view 1,0,0,0.125,0.148611,,
06511,Loffler Palace - view 1,0,0,0,0,,
06512,Loffler Palace - view 1,0,0,0,0.0833333,,
06513,Loffler Palace - view 1,0,0,0,0,,
06601,Old slaughterhouse,0,0,0,0,,
06602,Old slaughterhouse,0,0,0,0,,
06701,Palatul Dauerbach - view 1,0,0,0,0.0666667,,
06702,Palatul Dauerbach - view 1,1,1,1,0.802632,,
06703,Palatul Dauerbach - view 1,0,0.25,0.337302,0.324405,,
06704,Palatul Dauerbach - view 1,0,0.2,0.242857,0.242857,,
06705,Palatul Dauerbach - view 1,1,1,1,1,,
06706,Palatul Dauerbach - view 1,1,1,1,0.821429,,
06707,Palatul Dauerbach - view 1,0,0,0,0,,
06708,Palatul Dauerbach - view 1,0,0,0,0,,
06709,Palatul Dauerbach - view 1,0,0,0,0.0526316,,
06710,Palatul Dauerbach - view 1,0,0,0,0.0666667,,
06711,Palatul Dauerbach - view 1,0,0,0,0,,
06712,Palatul Dauerbach - view 1,0,0,0,0.0666667,,
06713,Palatul Dauerbach - view 1,0,0,0,0,,
06801,Szechenyi Palace,0,0,0,0,,
06802,Szechenyi Palace,0,0,0,0,,
06803,Szechenyi Palace,1,1,1,1,,
06804,Szechenyi Palace,0,0.25,0.25,0.186601,,
06805,Szechenyi Palace,0,0,0,0.0714286,,
06806,Szechenyi Palace,0,0,0,0,,
06807,Szechenyi Palace,0,0,0,0,,
06808,Szechenyi Palace,0,0,0,0,,
06809,Szechenyi Palace,0,0,0,0,,
06810,Szechenyi Palace,0,0,0,0,,
06811,Szechenyi Palace,0,0,0,0.0625,,
06812,Szechenyi Palace,0,0,0.111111,0.111111,,
06813,Szechenyi Palace,0,0,0,0,,
06814,Szechenyi Palace,0,0,0,0,,
06815,Szechenyi Palace,0,0,0,0,,
06816,Szechenyi Palace,0,0,0,0,,
06901,Orthodox Metropolitan Cathedral - view 2,0,0,0,0,,
06902,Orthodox Metropolitan Cathedral - view 2,0,0,0,0,,
06903,Orthodox Metropolitan Cathedral - view 2,1,1,1,0.722222,,
06904,Orthodox Metropolitan Cathedral - view 2,1,1,1,1,,
06905,Orthodox Metropolitan Cathedral - view 2,1,1,1,0.558824,,
06906,Orthodox Metropolitan Cathedral - view 2,0,0,0,0,,
07001,Huniade Castle - view 2,0,0.25,0.25,0.196429,,
07002,Huniade Castle - view 2,0,0,0,0,,
07003,Huniade Castle - view 2,0,0,0,0,,
07004,Huniade Castle - view 2,0,0,0,0.0769231,,
07005,Huniade Castle - view 2,0,0,0,0,,
07006,Huniade Castle - view 2,0,0,0,0,,
07101,Nativity Church - Tower,0,0,0,0,,
07102,Nativity Church - Tower,0,0,0,0,,
07103,Nativity Church - Tower,0.833333,0.833333,0.833333,0.833333,,
07104,Nativity Church - Tower,0,0,0.142857,0.142857,,
07105,Nativity Church - Tower,0,0,0,0,,
07201,Military Casino of Timisoara - view 2,0,0,0,0,,
07202,Military Casino of Timisoara - view 2,0,0,0.111111,0.111111,,
07203,Military Casino of Timisoara - view 2,0,0,0,0.047619,,
07204,Military Casino of Timisoara - view 2,0,0,0,0,,
07205,Military Casino of Timisoara - view 2,0.5,0.5,0.5,0.5,,
07206,Military Casino of Timisoara - view 2,1,1,1,1,,
07207,Military Casino of Timisoara - view 2,0,0,0,0,,
07208,Military Casino of Timisoara - view 2,0,0,0,0,,
07209,Military Casino of Timisoara - view 2,0,0,0,0,,
07210,Military Casino of Timisoara - view 2,0,0,0,0,,
07211,Military Casino of Timisoara - view 2,0.333333,0.333333,0.333333,0.333333,,
07212,Military Casino of Timisoara - view 2,0,0,0,0,,
07301,Chamber of Commerce Palace,0,0,0.162338,0.162338,,
07302,Chamber of Commerce Palace,0,0,0.166667,0.130952,,
07303,Chamber of Commerce Palace,0,0,0.140909,0.160606,,
07304,Chamber of Commerce Palace,0,0,0,0,,
07305,Chamber of Commerce Palace,0,0,0.166667,0.166667,,
07306,Chamber of Commerce Palace,0,0,0,0.0555556,,
07307,Chamber of Commerce Palace,0,0,0,0,,
07308,Chamber of Commerce Palace,0,0,0,0,,
07309,Chamber of Commerce Palace,0,0,0,0.0714286,,
07310,Chamber of Commerce Palace,0,0,0.142857,0.142857,,
07311,Chamber of Commerce Palace,0,0.2,0.240741,0.240741,,
07312,Chamber of Commerce Palace,0.5,0.5,0.35,0.35,,
07313,Chamber of Commerce Palace,0,0.25,0.25,0.25,,
07314,Chamber of Commerce Palace,0,0,0.166667,0.166667,,
07315,Chamber of Commerce Palace,0,0,0,0.113095,,
07316,Chamber of Commerce Palace,0,0,0.111111,0.111111,,
07317,Chamber of Commerce Palace,0,0,0.166667,0.166667,,
07318,Chamber of Commerce Palace,0,0,0,0.0526316,,
07401,La Trei Husari House,0,0,0.0909091,0.0909091,,
07402,La Trei Husari House,0,0,0,0,,
07403,La Trei Husari House,0,0,0.1,0.1,,
07404,La Trei Husari House,1,1,1,0.425397,,
07405,La Trei Husari House,1,1,1,1,,
07406,La Trei Husari House,1,1,1,0.55,,
07407,La Trei Husari House,0,0,0,0,,
07408,La Trei Husari House,0,0,0,0,,
07409,La Trei Husari House,0,0,0.166667,0.166667,,
07410,La Trei Husari House,1,1,0.6,0.6,,
07411,La Trei Husari House,0,0,0.153409,0.153409,,
07412,La Trei Husari House,0,0,0,0.0769231,,
07501,Hotel in Uniri Square,0,0,0,0,,
07502,Hotel in Uniri Square,0,0,0,0,,
07503,Hotel in Uniri Square,0,0,0,0,,
07504,Hotel in Uniri Square,0,0.25,0.25,0.183824,,
07505,Hotel in Uniri Square,0,0,0,0,,
07506,Hotel in Uniri Square,0,0,0,0,,
07507,Hotel in Uniri Square,0,0,0,0.0625,,
07508,Hotel in Uniri Square,0,0,0,0,,
07509,Hotel in Uniri Square,0,0,0,0,,
07601,La Regele Prusiei House,0,0,0,0.0833333,,
07602,La Regele Prusiei House,0.333333,0.366667,0.369444,0.369444,,
07603,La Regele Prusiei House,1,1,1,1,,
07604,La Regele Prusiei House,0,0,0,0,,
07605,La Regele Prusiei House,0,0,0,0.0526316,,
07606,La Regele Prusiei House,0,0,0.1,0.1,,
07607,La Regele Prusiei House,0,0,0.142857,0.138095,,
07608,La Regele Prusiei House,0,0,0,0,,
07609,La Regele Prusiei House,0,0,0,0,,
07701,Nikolaus Lenau Primary school,0.333333,0.333333,0.333333,0.333333,,
07702,Nikolaus Lenau Primary school,1,1,1,1,,
07703,Nikolaus Lenau Primary school,0,0,0,0,,
07704,Nikolaus Lenau Primary school,0,0.25,0.291667,0.291667,,
07705,Nikolaus Lenau Primary school,0,0.25,0.267857,0.267857,,
07706,Nikolaus Lenau Primary school,0,0,0.1,0.1,,
07707,Nikolaus Lenau Primary school,1,1,0.6,0.6,,
07708,Nikolaus Lenau Primary school,0,0,0,0,,
07709,Nikolaus Lenau Primary school,0,0,0,0,,
07710,Nikolaus Lenau Primary school,0,0,0,0,,
07711,Nikolaus Lenau Primary school,0.5,0.5,0.5,0.5,,
07712,Nikolaus Lenau Primary school,0,0,0,0,,
07713,Nikolaus Lenau Primary school,0,0,0,0,,
07714,Nikolaus Lenau Primary school,0,0,0,0,,
07715,Nikolaus Lenau Primary school,0,0,0,0,,
07801,Serbian Orthodox Cathedral-view 2,0,0,0,0,,
07802,Serbian Orthodox Cathedral-view 2,0,0,0,0,,
07803,Serbian Orthodox Cathedral-view 2,1,1,1,1,,
07804,Serbian Orthodox Cathedral-view 2,0,0,0,0.0666667,,
07805,Serbian Orthodox Cathedral-view 2,0,0,0,0,,
07806,Serbian Orthodox Cathedral-view 2,0,0,0,0,,
07807,Serbian Orthodox Cathedral-view 2,0,0,0,0.0588235,,
07808,Serbian Orthodox Cathedral-view 2,0,0,0,0,,
07809,Serbian Orthodox Cathedral-view 2,0,0,0,0,,
07810,Serbian Orthodox Cathedral-view 2,0,0,0,0,,
07811,Serbian Orthodox Cathedral-view 2,0,0,0.125,0.125,,
07812,Serbian Orthodox Cathedral-view 2,0,0,0,0,,
07813,Serbian Orthodox Cathedral-view 2,0,0,0,0,,
07814,Serbian Orthodox Cathedral-view 2,0,0,0,0,,
07901,Building 1 Str. A. Pacha,0,0,0,0,,
07902,Building 1 Str. A. Pacha,0,0,0,0,,
07903,Building 1 Str. A. Pacha,1,1,0.642857,0.642857,,
07904,Building 1 Str. A. Pacha,0,0,0.1,0.121429,,
07905,Building 1 Str. A. Pacha,0,0,0,0.0625,,
07906,Building 1 Str. A. Pacha,0,0,0,0,,
08001,Building 2 Str. A. Pacha,0,0,0.1,0.1,,
08002,Building 2 Str. A. Pacha,0,0,0.1,0.1,,
08003,Building 2 Str. A. Pacha,0,0,0,0.0666667,,
08004,Building 2 Str. A. Pacha,1,1,1,1,,
08005,Building 2 Str. A. Pacha,0,0.2,0.2,0.2,,
08006,Building 2 Str. A. Pacha,0,0,0,0,,
08101,Old Timisoara Bank,0,0,0,0,,
08102,Old Timisoara Bank,0.5,0.5,0.5,0.5,,
08103,Old Timisoara Bank,0,0,0.221693,0.221693,,
08104,Old Timisoara Bank,0.5,0.5,0.5,0.5,,
08105,Old Timisoara Bank,0,0,0,0.0714286,,
08106,Old Timisoara Bank,0,0.25,0.25,0.191667,,
08201,Klein Palace,0,0,0,0,,
08202,Klein Palace,0,0,0,0,,
08203,Klein Palace,0,0,0,0,,
08204,Klein Palace,0,0,0,0.0625,,
08205,Klein Palace,0,0,0,0,,
08206,Klein Palace,0,0,0,0.08125,,
08301,Romanian National Bank,0,0,0,0,,
08302,Romanian National Bank,0,0,0,0,,
08303,Romanian National Bank,0,0,0,0,,
08304,Romanian National Bank,0,0,0,0,,
08305,Romanian National Bank,0,0,0,0,,
08306,Romanian National Bank,0,0,0,0,,
08307,Romanian National Bank,0,0,0,0,,
08401,Building 5 Str. Revolutiei din 1989,0,0,0,0,,
08402,Building 5 Str. Revolutiei din 1989,0,0,0.166667,0.166667,,
08403,Building 5 Str. Revolutiei din 1989,0,0,0,0,,
08404,Building 5 Str. Revolutiei din 1989,0,0,0,0,,
08405,Building 5 Str. Revolutiei din 1989,0,0,0,0,,
08406,Building 5 Str. Revolutiei din 1989,0,0,0,0,,
08501,Building 5 Str. Stefan cel Mare,0,0,0,0,,
08502,Building 5 Str. Stefan cel Mare,0,0,0,0,,
08503,Building 5 Str. Stefan cel Mare,0,0,0,0,,
08504,Building 5 Str. Stefan cel Mare,0,0,0,0,,
08505,Building 5 Str. Stefan cel Mare,0,0,0,0,,
08507,Building 5 Str. Stefan cel Mare,0,0,0.111111,0.111111,,
08508,Building 5 Str. Stefan cel Mare,0,0,0,0.10049,,
08509,Building 5 Str. Stefan cel Mare,0.5,0.5,0.5,0.5,,
08506,Building 5 Str. Stefan cel Mare,0,0,0,0,,
08601,Building 7 Str. Stefan cel Mare,1,0.7,0.7,0.7,,
08602,Building 7 Str. Stefan cel Mare,0,0.25,0.215909,0.215909,,
08603,Building 7 Str. Stefan cel Mare,0,0,0,0.047619,,
08604,Building 7 Str. Stefan cel Mare,1,1,0.490909,0.490909,,
08605,Building 7 Str. Stefan cel Mare,0.5,0.5,0.5,0.305556,,
08606,Building 7 Str. Stefan cel Mare,0,0.25,0.240909,0.240909,,
08607,Building 7 Str. Stefan cel Mare,0.333333,0.333333,0.277778,0.277778,,
08608,Building 7 Str. Stefan cel Mare,1,1,1,1,,
08609,Building 7 Str. Stefan cel Mare,1,1,1,1,,
08701,Mirbach Palace,0,0,0,0.0625,,
08702,Mirbach Palace,0,0,0,0,,
08703,Mirbach Palace,0,0,0,0.0526316,,
08704,Mirbach Palace,0,0,0,0,,
08705,Mirbach Palace,0,0,0,0,,
08706,Mirbach Palace,0,0,0.111111,0.111111,,
08707,Mirbach Palace,0,0,0,0,,
08708,Mirbach Palace,0,0,0,0,,
08709,Mirbach Palace,1,1,1,1,,
08710,Mirbach Palace,0.333333,0.333333,0.333333,0.284722,,
08711,Mirbach Palace,0,0,0,0,,
08801,Building 17 Str. Stefan cel Mare,0,0.2,0.2,0.2,,
08802,Building 17 Str. Stefan cel Mare,0,0,0.155556,0.155556,,
08803,Building 17 Str. Stefan cel Mare,0,0,0,0,,
08804,Building 17 Str. Stefan cel Mare,0,0.25,0.25,0.25,,
08805,Building 17 Str. Stefan cel Mare,0,0,0,0,,
08806,Building 17 Str. Stefan cel Mare,1,1,1,1,,
08901,Scont Bank,1,1,1,0.380923,,
08902,Scont Bank,0,0,0,0.0666667,,
08903,Scont Bank,1,1,1,1,,
08904,Scont Bank,0.5,0.5,0.5,0.326923,,
08905,Scont Bank,0,0.25,0.25,0.25,,
08906,Scont Bank,0.5,0.5,0.5,0.305556,,
08907,Scont Bank,0,0,0,0.0833333,,
08908,Scont Bank,0,0,0,0,,
08909,Scont Bank,0,0,0,0,,
08910,Scont Bank,0,0,0,0,,
09001,Building 7 Str. E. Ungureanu,0,0,0,0,,
09002,Building 7 Str. E. Ungureanu,0,0,0,0.0714286,,
09003,Building 7 Str. E. Ungureanu,0,0,0,0,,
09004,Building 7 Str. E. Ungureanu,0,0,0,0,,
09005,Building 7 Str. E. Ungureanu,0,0,0,0.0588235,,
09006,Building 7 Str. E. Ungureanu,1,1,1,1,,
09007,Building 7 Str. E. Ungureanu,0,0.2,0.2,0.2,,
09008,Building 7 Str. E. Ungureanu,0,0,0,0.0555556,,
09009,Building 7 Str. E. Ungureanu,0,0,0,0,,
09010,Building 7 Str. E. Ungureanu,0,0,0,0,,
09011,Building 7 Str. E. Ungureanu,0,0,0,0,,
09012,Building 7 Str. E. Ungureanu,0,0,0,0.0666667,,
09013,Building 7 Str. E. Ungureanu,0,0,0,0,,
09101,Golden eagle Inn ,0.5,0.5,0.35,0.35,,
09102,Golden eagle Inn ,0.833333,0.755556,0.755556,0.755556,,
09103,Golden eagle Inn ,1,1,0.625,0.625,,
09104,Golden eagle Inn ,1,1,1,1,,
09105,Golden eagle Inn ,0,0,0,0,,
09106,Golden eagle Inn ,1,0.7,0.633333,0.633333,,
09107,Golden eagle Inn ,0,0.25,0.25,0.1875,,
09108,Golden eagle Inn ,0,0,0,0,,
09109,Golden eagle Inn ,0,0,0,0,,
09110,Golden eagle Inn ,0,0,0,0,,
09111,Golden eagle Inn ,0,0,0,0.0666667,,
09201,Delvideki Casino,0.333333,0.333333,0.333333,0.333333,,
09202,Delvideki Casino,0,0,0.111111,0.111111,,
09203,Delvideki Casino,0,0,0,0.0945378,,
09204,Delvideki Casino,0.583333,0.583333,0.583333,0.583333,,
09205,Delvideki Casino,0,0,0.173611,0.173611,,
09206,Delvideki Casino,0,0,0,0,,
09301,Building 10 Str. 16 December 1989,0,0.25,0.257576,0.257576,,
09302,Building 10 Str. 16 December 1989,1,1,1,0.566667,,
09303,Building 10 Str. 16 December 1989,0,0,0,0.0714286,,
09304,Building 10 Str. 16 December 1989,0,0,0.125,0.125,,
09305,Building 10 Str. 16 December 1989,0,0,0.111111,0.126984,,
09306,Building 10 Str. 16 December 1989,0,0,0,0.0833333,,
09401,Building 2 Str. Ady Endre,0,0,0,0,,
09402,Building 2 Str. Ady Endre,0,0,0,0,,
09403,Building 2 Str. Ady Endre,0,0,0,0,,
09404,Building 2 Str. Ady Endre,0,0,0,0,,
09405,Building 2 Str. Ady Endre,0,0,0,0,,
09406,Building 2 Str. Ady Endre,1,1,1,1,,
09501,Iosefin Residence,0,0,0.142857,0.142857,,
09502,Iosefin Residence,0.333333,0.333333,0.277778,0.277778,,
09503,Iosefin Residence,0,0,0,0,,
09504,Iosefin Residence,0,0,0,0,,
09505,Iosefin Residence,0.333333,0.333333,0.333333,0.333333,,
09506,Iosefin Residence,0,0,0,0,,
09601,Reformed Church,0,0,0.0909091,0.153014,,
09602,Reformed Church,0.5,0.45,0.442857,0.442857,,
09603,Reformed Church,0,0,0,0,,
09604,Reformed Church,0,0,0.111111,0.169516,,
09605,Reformed Church,0,0,0,0.0833333,,
09701,Building 5 Str. Saint Maria Square,0,0,0.111111,0.111111,,
09702,Building 5 Str. Saint Maria Square,0,0,0,0,,
09703,Building 5 Str. Saint Maria Square,0,0,0.166667,0.166667,,
09704,Building 5 Str. Saint Maria Square,0,0,0.111111,0.111111,,
09705,Building 5 Str. Saint Maria Square,0,0,0.125,0.125,,
09801,Building 3 Str. 16 December 1989,1,1,1,0.55,,
09802,Building 3 Str. 16 December 1989,1,1,1,1,,
09803,Building 3 Str. 16 December 1989,0.333333,0.416667,0.416667,0.416667,,
09804,Building 3 Str. 16 December 1989,1,1,0.791667,0.791667,,
09805,Building 3 Str. 16 December 1989,0,0,0,0.10049,,
09806,Building 3 Str. 16 December 1989,1,1,1,0.74359,,
09901,Flavia Palace,0,0,0,0.0526316,,
09902,Flavia Palace,0.5,0.5,0.433333,0.375,,
09903,Flavia Palace,0,0.2,0.242857,0.242857,,
09904,Flavia Palace,0,0,0,0.047619,,
09905,Flavia Palace,0,0,0.146465,0.189304,,
09906,Flavia Palace,0,0,0,0,,
10001,Building 6 Str. Splaiul T. Vladimirescu,0,0,0,0.047619,,
10002,Building 6 Str. Splaiul T. Vladimirescu,0,0,0,0,,
10003,Building 6 Str. Splaiul T. Vladimirescu,0,0,0,0,,
10004,Building 6 Str. Splaiul T. Vladimirescu,0,0,0,0,,
10005,Building 6 Str. Splaiul T. Vladimirescu,0,0,0,0,,
10101,Building 4 Str. Mihai Viteazu,0.5,0.5,0.5,0.5,,
10102,Building 4 Str. Mihai Viteazu,0,0,0,0,,
10103,Building 4 Str. Mihai Viteazu,0.5,0.5,0.5,0.5,,
10104,Building 4 Str. Mihai Viteazu,0,0,0,0,,
10105,Building 4 Str. Mihai Viteazu,1,1,1,0.55,,
10106,Building 4 Str. Mihai Viteazu,0,0,0,0,,
10107,Building 4 Str. Mihai Viteazu,0,0,0.125,0.125,,
10201,Krautwaschl House,0,0,0,0,,
10202,Krautwaschl House,0,0,0,0.0555556,,
10203,Krautwaschl House,0,0,0,0,,
10204,Krautwaschl House,0,0,0.166667,0.166667,,
10205,Krautwaschl House,0,0,0,0,,
10206,Krautwaschl House,0,0,0,0,,
10207,Krautwaschl House,0,0,0,0,,
10208,Krautwaschl House,0,0,0,0,,
10209,Krautwaschl House,0,0.2,0.2,0.2,,
10301,Timisoara Beer Factory - view 1,0,0,0,0,,
10302,Timisoara Beer Factory - view 1,0,0,0,0,,
10303,Timisoara Beer Factory - view 1,0,0,0,0,,
10304,Timisoara Beer Factory - view 1,0,0,0,0,,
10305,Timisoara Beer Factory - view 1,0,0,0,0,,
10401,Timisoara Beer Factory - view 2,0,0,0,0,,
10402,Timisoara Beer Factory - view 2,0,0,0,0,,
10403,Timisoara Beer Factory - view 2,0,0,0,0.0526316,,
10404,Timisoara Beer Factory - view 2,0,0,0,0,,
10405,Timisoara Beer Factory - view 2,0,0,0,0,,
10501,Karl Kunz Palace,0,0,0,0,,
10502,Karl Kunz Palace,0.5,0.5,0.35,0.35,,
10503,Karl Kunz Palace,0,0,0.125,0.129167,,
10504,Karl Kunz Palace,1,1,0.539683,0.539683,,
10505,Karl Kunz Palace,0,0,0,0.047619,,
10506,Karl Kunz Palace,1,1,1,1,,
10601,Franz Anheuer Palace,0,0,0,0,,
10602,Franz Anheuer Palace,0,0,0,0,,
10603,Franz Anheuer Palace,0,0,0,0,,
10604,Franz Anheuer Palace,0,0,0,0,,
10605,Franz Anheuer Palace,0.5,0.5,0.375,0.375,,
10606,Franz Anheuer Palace,0,0,0,0,,
10701,Central Library of the University Politehnica Timisoara - view 3,0,0.2,0.2,0.2,,
10702,Central Library of the University Politehnica Timisoara - view 3,0,0,0,0,,
10703,Central Library of the University Politehnica Timisoara - view 3,0,0,0,0,,
10704,Central Library of the University Politehnica Timisoara - view 3,0.333333,0.333333,0.333333,0.333333,,
10705,Central Library of the University Politehnica Timisoara - view 3,0,0,0.1,0.1,,
10706,Central Library of the University Politehnica Timisoara - view 3,0.333333,0.333333,0.333333,0.333333,,
10801,West University of Timisoara,0,0,0,0,,
10802,West University of Timisoara,0,0,0,0,,
10803,West University of Timisoara,0,0,0,0.0769231,,
10804,West University of Timisoara,0,0,0.125,0.125,,
10805,West University of Timisoara,0,0,0,0.0625,,
10806,West University of Timisoara,0,0.2,0.2,0.2,,
10901,Ion Constantin Bratianu Highschool,0,0,0,0,,
10902,Ion Constantin Bratianu Highschool,0,0,0,0,,
10903,Ion Constantin Bratianu Highschool,0,0,0,0,,
10904,Ion Constantin Bratianu Highschool,0,0,0,0,,
10905,Ion Constantin Bratianu Highschool,0,0,0,0,,
10906,Ion Constantin Bratianu Highschool,0.333333,0.333333,0.333333,0.333333,,
11001,Saint Catherine Church,0,0,0,0,,
11002,Saint Catherine Church,0,0,0.153409,0.153409,,
11003,Saint Catherine Church,0,0,0,0,,
11004,Saint Catherine Church,0,0,0,0,,
11005,Saint Catherine Church,0,0.2,0.2,0.2,,
11101,Serbian Orthodox Episcopal Palace - view 2,0,0,0,0,,
11102,Serbian Orthodox Episcopal Palace - view 2,0.5,0.5,0.5,0.5,,
11103,Serbian Orthodox Episcopal Palace - view 2,1,1,1,1,,
11104,Serbian Orthodox Episcopal Palace - view 2,0,0,0,0,,
11105,Serbian Orthodox Episcopal Palace - view 2,0.5,0.5,0.5,0.5,,
11106,Serbian Orthodox Episcopal Palace - view 2,1,1,1,1,,
11107,Serbian Orthodox Episcopal Palace - view 2,0,0,0,0,,
11108,Serbian Orthodox Episcopal Palace - view 2,0,0,0,0,,
11201,Marczel Kaldori Palace,0,0,0,0,,
11202,Marczel Kaldori Palace,0,0,0,0,,
11203,Marczel Kaldori Palace,0,0,0,0.047619,,
11204,Marczel Kaldori Palace,0,0,0,0.0526316,,
11205,Marczel Kaldori Palace,0,0,0,0,,
11206,Marczel Kaldori Palace,0,0,0,0,,
11207,Marczel Kaldori Palace,0,0,0,0,,
11208,Marczel Kaldori Palace,0,0,0,0,,
11209,Marczel Kaldori Palace,0,0,0.125,0.125,,
11210,Marczel Kaldori Palace,0,0,0.0909091,0.0909091,,
11211,Marczel Kaldori Palace,0,0,0,0.0526316,,
11301,Building 5 Piata Victoriei,1,1,1,1,,
11302,Building 5 Piata Victoriei,0,0,0,0,,
11303,Building 5 Piata Victoriei,0,0,0,0,,
11304,Building 5 Piata Victoriei,0,0,0,0,,
11305,Building 5 Piata Victoriei,0,0,0,0,,
11306,Building 5 Piata Victoriei,0,0,0.111111,0.111111,,
11307,Building 5 Piata Victoriei,0,0,0.111111,0.111111,,
11308,Building 5 Piata Victoriei,0,0,0,0,,
11401,ADR West,0,0,0,0,,
11402,ADR West,0,0,0,0,,
11403,ADR West,0,0,0,0,,
11404,ADR West,0,0,0,0,,
11405,ADR West,0,0,0,0,,
11406,ADR West,0,0,0.166667,0.166667,,
11407,ADR West,0,0.25,0.25,0.25,,
11408,ADR West,0,0,0,0,,
11409,ADR West,1,1,1,1,,
11410,ADR West,0,0,0,0,,
11411,ADR West,1,1,1,1,,
11501,Adam Muller-Guttenbrunn foundation,0,0,0,0,,
11502,Adam Muller-Guttenbrunn foundation,0,0,0,0,,
11503,Adam Muller-Guttenbrunn foundation,0,0.2,0.2,0.2,,
11504,Adam Muller-Guttenbrunn foundation,0,0,0,0,,
11505,Adam Muller-Guttenbrunn foundation,0,0,0,0,,
11506,Adam Muller-Guttenbrunn foundation,0,0,0,0,,
11507,Adam Muller-Guttenbrunn foundation,0,0,0,0,,
11508,Adam Muller-Guttenbrunn foundation,1,1,1,1,,
11509,Adam Muller-Guttenbrunn foundation,0,0,0,0,,
11601,David Rothmanner Hause,0,0,0,0,,
11602,David Rothmanner Hause,0,0,0,0,,
11603,David Rothmanner Hause,0,0,0.125,0.125,,
11604,David Rothmanner Hause,0,0,0,0,,
11605,David Rothmanner Hause,0,0.25,0.25,0.25,,
11606,David Rothmanner Hause,0,0,0,0,,
11607,David Rothmanner Hause,0,0,0,0,,
11608,David Rothmanner Hause,0,0,0,0,,
11609,David Rothmanner Hause,0,0,0,0,,
11701,Kralik Palace,0.333333,0.333333,0.333333,0.222222,,
11702,Kralik Palace,0,0,0,0.0857143,,
11703,Kralik Palace,0,0,0,0,,
11704,Kralik Palace,0.333333,0.333333,0.333333,0.333333,,
11705,Kralik Palace,1,1,1,0.555556,,
11706,Kralik Palace,1,1,0.666667,0.515873,,
11801,Building 8 Str. E. Ungureanu,0,0,0.142857,0.142857,,
11802,Building 8 Str. E. Ungureanu,0,0,0,0,,
11803,Building 8 Str. E. Ungureanu,0,0,0,0.0714286,,
11804,Building 8 Str. E. Ungureanu,0,0,0,0.113095,,
11805,Building 8 Str. E. Ungureanu,0,0,0.125,0.125,,
11806,Building 8 Str. E. Ungureanu,0,0,0.111111,0.111111,,
11807,Building 8 Str. E. Ungureanu,0,0,0,0.0625,,
11901,Building 6 Str. E. Ungureanu,0,0,0,0,,
11902,Building 6 Str. E. Ungureanu,0,0,0,0,,
11903,Building 6 Str. E. Ungureanu,0,0,0,0,,
11904,Building 6 Str. E. Ungureanu,0.333333,0.333333,0.333333,0.238095,,
11905,Building 6 Str. E. Ungureanu,0,0,0.0909091,0.122378,,
11906,Building 6 Str. E. Ungureanu,0,0,0,0,,
11907,Building 6 Str. E. Ungureanu,0,0,0,0,,
12001,Papp von Sprung Hause,0,0,0.111111,0.111111,,
12002,Papp von Sprung Hause,0.333333,0.333333,0.333333,0.333333,,
12003,Papp von Sprung Hause,0,0,0,0.0588235,,
12004,Papp von Sprung Hause,0,0,0,0,,
12005,Papp von Sprung Hause,0,0,0,0,,
12006,Papp von Sprung Hause,0,0,0,0,,
12007,Papp von Sprung Hause,0,0,0,0,,
12101,Szana Palace,0,0,0,0.0666667,,
12102,Szana Palace,0,0,0,0,,
12103,Szana Palace,0,0,0,0,,
12104,Szana Palace,0,0.25,0.25,0.25,,
12105,Szana Palace,0,0,0.111111,0.111111,,
12106,Szana Palace,0,0,0,0,,
12107,Szana Palace,0,0,0,0,,
12201,Etc-Ti Faculty,0,0,0.1,0.097619,,
12202,Etc-Ti Faculty,0,0,0,0,,
12203,Etc-Ti Faculty,0,0,0,0.05,,
12204,Etc-Ti Faculty,1,1,0.611111,0.611111,,
12205,Etc-Ti Faculty,0,0,0,0,,
12206,Etc-Ti Faculty,1,1,1,1,,
12207,Etc-Ti Faculty,0,0,0,0.0625,,
12208,Etc-Ti Faculty,0,0,0.125,0.125,,
12301,Building 3 Str. Alba Iulia,0,0,0,0,,
12302,Building 3 Str. Alba Iulia,0,0,0,0.0769231,,
12303,Building 3 Str. Alba Iulia,0,0,0,0,,
12304,Building 3 Str. Alba Iulia,0,0,0,0,,
12305,Building 3 Str. Alba Iulia,0,0,0,0.0526316,,
12306,Building 3 Str. Alba Iulia,1,0.75,0.75,0.75,,
12401,Cina Hotel,0,0,0,0,,
12402,Cina Hotel,0,0,0,0,,
12403,Cina Hotel,0,0,0,0,,
12404,Cina Hotel,0,0,0,0,,
12405,Cina Hotel,0,0,0,0,,
12406,Cina Hotel,0,0,0,0,,
12501,Banatul Philharmonic of Timisoara,0,0,0,0.0625,,
12502,Banatul Philharmonic of Timisoara,1,1,1,1,,
12503,Banatul Philharmonic of Timisoara,0,0,0,0,,
12504,Banatul Philharmonic of Timisoara,0.5,0.5,0.5,0.5,,
12505,Banatul Philharmonic of Timisoara,0,0,0,0,,
12506,Banatul Philharmonic of Timisoara,0,0,0,0,,
12507,Banatul Philharmonic of Timisoara,0,0,0,0,,
12601,Building 7 Piata Victoriei,0,0,0,0,,
12602,Building 7 Piata Victoriei,0,0,0,0,,
12603,Building 7 Piata Victoriei,0,0,0,0,,
12604,Building 7 Piata Victoriei,0,0,0,0,,
12605,Building 7 Piata Victoriei,0,0,0,0,,
12606,Building 7 Piata Victoriei,0,0,0,0,,
12607,Building 7 Piata Victoriei,0,0,0,0,,
12608,Building 7 Piata Victoriei,0,0,0,0,,
12701,Loffler Palace - view 2,0,0,0,0,,
12702,Loffler Palace - view 2,0,0,0,0,,
12703,Loffler Palace - view 2,0,0,0,0,,
12704,Loffler Palace - view 2,0,0,0,0,,
12705,Loffler Palace - view 2,0,0,0,0,,
12706,Loffler Palace - view 2,0,0,0.125,0.125,,
12707,Loffler Palace - view 2,0,0,0,0,,
12708,Loffler Palace - view 2,0,0,0,0,,
12709,Loffler Palace - view 2,0,0,0.142857,0.142857,,
12801,Loffler Palace - view 3,0,0,0,0,,
12802,Loffler Palace - view 3,0,0,0,0,,
12803,Loffler Palace - view 3,0,0,0,0,,
12804,Loffler Palace - view 3,0,0,0,0,,
12805,Loffler Palace - view 3,0,0,0,0,,
12806,Loffler Palace - view 3,0,0,0,0,,
12807,Loffler Palace - view 3,0,0,0,0,,
12808,Loffler Palace - view 3,0,0,0,0,,
12809,Loffler Palace - view 3,0,0,0,0,,
12810,Loffler Palace - view 3,0,0,0,0,,
12901,Loffler Palace - view 4,0,0,0,0,,
12902,Loffler Palace - view 4,0,0,0.1,0.1,,
12903,Loffler Palace - view 4,0,0,0,0,,
12904,Loffler Palace - view 4,0,0,0,0,,
12905,Loffler Palace - view 4,0,0,0,0,,
12906,Loffler Palace - view 4,0,0,0,0,,
12907,Loffler Palace - view 4,1,1,0.666667,0.666667,,
12908,Loffler Palace - view 4,0.333333,0.333333,0.333333,0.333333,,
12909,Loffler Palace - view 4,0,0,0,0,,
,,,,,,,
,,,,,,,
,,13.87%,14.63%,14.97%,14.43%,,14.47%
